type;ancien_nom;nouveau_nom;nom_court;nom_abrev;niveau_dag;chemin_fichier
model;creer_vue_19;mdl1_creer_vue_19;mdl1_creer_vue_19;mdl1_creer_vue_19;1;models\dept19\creer_vue_19.sql
model;lin_verif_attr_modif_19;mdl2a_lin_verif_attr_modif_19;mdl2a_lin_verif_attr_modif_19;mdl2a_lin_chk_attr_modif_19;2;models\dept19\lin\before_update_affectation_mano\lin_verif_attr_modif_19.sql
model;lin_verif_dept_limitrophe_19;mdl2b_lin_verif_dept_limitrophe_19;mdl2b_lin_verif_dept_limitrophe_19;mdl2b_lin_chk_dept_limitr_19;2*;models\dept19\lin\before_update_affectation_mano\lin_verif_dept_limitrophe_19.sql
model;lin_verif_gest_bdtopo_19;mdl2c_lin_verif_gest_bdtopo_19;mdl2c_lin_verif_gest_bdtopo_19;mdl2c_lin_chk_gest_bdt_19;2;models\dept19\lin\before_update_affectation_mano\lin_verif_gest_bdtopo_19.sql
model;lin_verif_gest_bdtopo_19_n_1;mdl2d_lin_verif_gest_bdtopo_19_n_1;mdl2d_lin_verif_gest_bdtopo_19_n_1;mdl2d_lin_chk_gest_bdt_19_n_1;2;models\dept19\lin\before_update_affectation_mano\lin_verif_gest_bdtopo_19_n_1.sql
model;lin_verif_gest_bdtopo_compare_19;mdl2e_lin_verif_gest_bdtopo_compare_19;mdl2e_lin_verif_gest_bdtopo_compare_19;mdl2e_lin_chk_gest_bdt_compare_19;2;models\dept19\lin\before_update_affectation_mano\lin_verif_gest_bdtopo_compare_19.sql
model;lin_verif_nature_19;mdl2f_lin_verif_nature_19;mdl2f_lin_verif_nature_19;mdl2f_lin_chk_nature_19;2;models\dept19\lin\before_update_affectation_mano\lin_verif_nature_19.sql
model;lin_verif_nbpt_lgkm_19;mdl2g_lin_verif_nbpt_lgkm_19;mdl2g_lin_verif_nbpt_lgkm_19;mdl2g_lin_chk_nbpt_lgkm_19;2;models\dept19\lin\before_update_affectation_mano\lin_verif_nbpt_lgkm_19.sql
model;lin_verif_pt_linearise_absent_comptage_19;mdl2h_lin_verif_pt_linearise_absent_comptage_19;mdl2h_lin_verif_pt_linearise_absent_comptage_19;mdl2h_lin_chk_pt_linear_absent_cptge_19;2;models\dept19\lin\before_update_affectation_mano\lin_verif_pt_linearise_absent_comptage_19.sql
model;lin_verif_pt_sans_geom_19;mdl2i_lin_verif_pt_sans_geom_19;mdl2i_lin_verif_pt_sans_geom_19;mdl2i_lin_chk_pt_sans_geom_19;2*;models\dept19\lin\before_update_affectation_mano\lin_verif_pt_sans_geom_19.sql
model;lin_verif_cptg_limitrophe_19;mdl3a_lin_verif_cptg_limitrophe_19;mdl3a_lin_verif_cptg_limitrophe_19;mdl3a_lin_chk_cptg_limitr_19;3;models\dept19\lin\before_update_affectation_mano\lin_verif_cptg_limitrophe_19.sql
model;lin_update_pt_linearise_devenu_assoc_19;mdl3b_lin_update_pt_linearise_devenu_assoc_19;mdl3b_lin_update_pt_linearise_devenu_assoc_19;mdl3b_lin_upd_pt_linear_devenu_assoc_19;3;models\dept19\lin\before_update_affectation_mano\update\lin_update_pt_linearise_devenu_assoc_19.sql
model;lin_verif_pt_attr_dept_non_linearise_19;mdl4a_lin_verif_pt_attr_dept_non_linearise_19;mdl4a_lin_verif_pt_attr_dept_non_linearise_19;mdl4a_lin_chk_pt_attr_dept_non_linear_19;4;models\dept19\lin\before_update_affectation_mano\lin_verif_pt_attr_dept_non_linearise_19.sql
model;lin_verif_pt_emprise_dept_non_linearise_19;mdl4b_lin_verif_pt_emprise_dept_non_linearise_19;mdl4b_lin_verif_pt_emprise_dept_non_linearise_19;mdl4b_lin_chk_pt_emprise_dept_non_linear_19;4;models\dept19\lin\before_update_affectation_mano\lin_verif_pt_emprise_dept_non_linearise_19.sql
model;lin_verif_pt_non_linearise_19;mdl5_lin_verif_pt_non_linearise_19;mdl5_lin_verif_pt_non_linearise_19;mdl5_lin_chk_pt_non_linear_19;5;models\dept19\lin\before_update_affectation_mano\lin_verif_pt_non_linearise_19.sql
model;lin_update_auto_pt_non_linearise_19;mdl6_lin_update_auto_pt_non_linearise_19;mdl6_lin_update_auto_pt_non_linearise_19;mdl6_lin_upd_auto_pt_non_linear_19;6;models\dept19\lin\before_update_affectation_mano\update\lin_update_auto_pt_non_linearise_19.sql
model;lin_cte_update_auto_pt_non_linearise_19__choix_cpt_tronc;cte1_mdl6_lin_cte_update_auto_pt_non_linearise_19__choix_cpt_tronc;cte1_mdl6_lin_update_auto_pt_non_linearise_19__choix_cpt_tronc;cte1_mdl6_lin_upd_auto_pt_non_linear_19__choix_cpt_tronc;cte(→6);models\dept19\lin\before_update_affectation_mano\cte\lin_cte_update_auto_pt_non_linearise_19__choix_cpt_tronc.sql
model;lin_cte_update_auto_pt_non_linearise_19__project_cpt;cte2_mdl6_lin_cte_update_auto_pt_non_linearise_19__project_cpt;cte2_mdl6_lin_update_auto_pt_non_linearise_19__project_cpt;cte2_mdl6_lin_upd_auto_pt_non_linear_19__project_cpt;cte(→6);models\dept19\lin\before_update_affectation_mano\cte\lin_cte_update_auto_pt_non_linearise_19__project_cpt.sql
model;lin_cte_update_auto_pt_non_linearise_19__rang;cte3_mdl6_lin_cte_update_auto_pt_non_linearise_19__rang;cte3_mdl6_lin_update_auto_pt_non_linearise_19__rang;cte3_mdl6_lin_upd_auto_pt_non_linear_19__rang;cte(→6);models\dept19\lin\before_update_affectation_mano\cte\lin_cte_update_auto_pt_non_linearise_19__rang.sql
model;lin_update_nouveau_point_19;mdl7_lin_update_nouveau_point_19;mdl7_lin_update_nouveau_point_19;mdl7_lin_upd_nouv_point_19;7;models\dept19\lin\update_affectation_mano\lin_update_nouveau_point_19.sql
model;lin_update_modif_linearisation_19;mdl8_lin_update_modif_linearisation_19;mdl8_lin_update_modif_linearisation_19;mdl8_lin_upd_modif_linear_19;8;models\dept19\lin\update_affectation_mano\lin_update_modif_linearisation_19.sql
model;lin_update_oubli_erreur_linearisation_19;mdl9_lin_update_oubli_erreur_linearisation_19;mdl9_lin_update_oubli_erreur_linearisation_19;mdl9_lin_upd_oubli_erreur_linear_19;9;models\dept19\lin\update_affectation_mano\lin_update_oubli_erreur_linearisation_19.sql
model;lin_update_etire_lin_19;mdl10_lin_update_etire_lin_19;mdl10_lin_update_etire_lin_19;mdl10_lin_upd_etire_lin_19;10;models\dept19\lin\update_affectation_mano\lin_update_etire_lin_19.sql
model;lin_update_vers_estimation_19;mdl11_lin_update_vers_estimation_19;mdl11_lin_update_vers_estimation_19;mdl11_lin_upd_vers_estim_19;11;models\dept19\lin\update_affectation_mano\lin_update_vers_estimation_19.sql
model;lin_verif_ann_pt_2020_19;mdl12a_lin_verif_ann_pt_2020_19;mdl12a_lin_verif_ann_pt_2020_19;mdl12a_lin_chk_ann_pt_2020_19;12;models\dept19\lin\post_update_affectation_mano\lin_verif_ann_pt_2020_19.sql
model;lin_verif_cpt_mm_section_homo_19;mdl12b_lin_verif_cpt_mm_section_homo_19;mdl12b_lin_verif_cpt_mm_section_homo_19;mdl12b_lin_chk_cpt_mm_sect_homo_19;12;models\dept19\lin\post_update_affectation_mano\lin_verif_cpt_mm_section_homo_19.sql
model;lin_verif_cptg_not_lin_why_geom_dept_19;mdl12c_lin_verif_cptg_not_lin_why_geom_dept_19;mdl12c_lin_verif_cptg_not_lin_why_geom_dept_19;mdl12c_lin_chk_cptg_not_lin_why_geom_dept_19;12*;models\dept19\lin\post_update_affectation_mano\lin_verif_cptg_not_lin_why_geom_dept_19.sql
model;lin_verif_nb_cpt_ann_n_19;mdl12d_lin_verif_nb_cpt_ann_n_19;mdl12d_lin_verif_nb_cpt_ann_n_19;mdl12d_lin_chk_nb_cpt_ann_n_19;12;models\dept19\lin\post_update_affectation_mano\lin_verif_nb_cpt_ann_n_19.sql
model;lin_verif_nb_tronc_linearise_19;mdl12e_lin_verif_nb_tronc_linearise_19;mdl12e_lin_verif_nb_tronc_linearise_19;mdl12e_lin_chk_nb_tronc_linear_19;12;models\dept19\lin\post_update_affectation_mano\lin_verif_nb_tronc_linearise_19.sql
model;lin_verif_not_lin_why_19;mdl12f_lin_verif_not_lin_why_19;mdl12f_lin_verif_not_lin_why_19;mdl12f_lin_chk_not_lin_why_19;12;models\dept19\lin\post_update_affectation_mano\lin_verif_not_lin_why_19.sql
model;lin_verif_stat_lin_pt_comptag_19;mdl12g_lin_verif_stat_lin_pt_comptag_19;mdl12g_lin_verif_stat_lin_pt_comptag_19;mdl12g_lin_chk_stat_lin_pt_cptg_19;12;models\dept19\lin\post_update_affectation_mano\lin_verif_stat_lin_pt_comptag_19.sql
model;lin_verif_tmjo_19;mdl12h_lin_verif_tmjo_19;mdl12h_lin_verif_tmjo_19;mdl12h_lin_chk_tmjo_19;12;models\dept19\lin\post_update_affectation_mano\lin_verif_tmjo_19.sql
model;lin_update_indic_trafic_19;mdl12i_lin_update_indic_trafic_19;mdl12i_lin_update_indic_trafic_19;mdl12i_lin_upd_indic_traf_19;12;models\dept19\lin\update_indic_trafic\commentaires_tmja_f\lin_update_indic_trafic_19.sql
model;lin_cte_verif_cpt_mm_section_homo_19__lineaire_tot;cte1_mdl12b_lin_cte_verif_cpt_mm_section_homo_19__lineaire_tot;cte1_mdl12b_lin_verif_cpt_mm_section_homo_19__lineaire_tot;cte1_mdl12b_lin_chk_cpt_mm_sect_homo_19__linear_tot;cte(→12);models\dept19\lin\post_update_affectation_mano\cte\lin_cte_verif_cpt_mm_section_homo_19__lineaire_tot.sql
model;lin_verif_cpt_mm_section_homo_19__format_agreg;mdl13a_lin_verif_cpt_mm_section_homo_19__format_agreg;mdl13a_lin_verif_cpt_mm_section_homo_19__format_agreg;mdl13a_lin_chk_cpt_mm_sect_homo_19__format_agreg;13;models\dept19\lin\post_update_affectation_mano\lin_verif_cpt_mm_section_homo_19__format_agreg.sql
model;lin_verif_tmjo_exists_tmja_19;mdl13b_lin_verif_tmjo_exists_tmja_19;mdl13b_lin_verif_tmjo_exists_tmja_19;mdl13b_lin_chk_tmjo_exists_tmja_19;13;models\dept19\lin\post_update_affectation_mano\lin_verif_tmjo_exists_tmja_19.sql
model;lin_update_cpt_hors_dept_dans_na_19;mdl13c_lin_update_cpt_hors_dept_dans_na_19;mdl13c_lin_update_cpt_hors_dept_dans_na_19;mdl13c_lin_upd_cpt_hors_dept_dans_na_19;13;models\dept19\lin\update_indic_trafic\commentaires_tmja_f\lin_update_cpt_hors_dept_dans_na_19.sql
model;lin_verif_histo_cptg_suspect_19;mdl13d_lin_verif_histo_cptg_suspect_19;mdl13d_lin_verif_histo_cptg_suspect_19;mdl13d_lin_chk_histo_cptg_suspect_19;13;models\dept19\lin\update_indic_trafic\commentaires_tmja_f\verifs\lin_verif_histo_cptg_suspect_19.sql
model;lin_verif_id_comptag_part1_post_coment_tmj_f_19;mdl13e_lin_verif_id_comptag_part1_post_coment_tmj_f_19;mdl13e_lin_verif_id_comptag_part1_post_coment_tmj_f_19;mdl13e_lin_chk_id_cptg_part1_post_cmt_tmj_f_19;13*;models\dept19\lin\update_indic_trafic\commentaires_tmja_f\verifs\lin_verif_id_comptag_part1_post_coment_tmj_f_19.sql
model;lin_cte_verif_cpt_mm_section_homo_19__cpt_proche;cte1_mdl13a_lin_cte_verif_cpt_mm_section_homo_19__cpt_proche;cte1_mdl13a_lin_verif_cpt_mm_section_homo_19__cpt_proche;cte1_mdl13a_lin_chk_cpt_mm_sect_homo_19__cpt_proche;cte(→13);models\dept19\lin\post_update_affectation_mano\cte\lin_cte_verif_cpt_mm_section_homo_19__cpt_proche.sql
model;lin_cte_update_cpt_hors_dept_dans_na_19__auto;cte1_mdl13c_lin_cte_update_cpt_hors_dept_dans_na_19__auto;cte1_mdl13c_lin_update_cpt_hors_dept_dans_na_19__auto;cte1_mdl13c_lin_upd_cpt_hors_dept_dans_na_19__auto;cte(→13);models\dept19\lin\update_indic_trafic\commentaires_tmja_f\cte\lin_cte_update_cpt_hors_dept_dans_na_19__auto.sql
model;lin_verif_historique_trafic;cte1_mdl13d_lin_verif_historique_trafic;cte1_mdl13d_lin_verif_historique_trafic;cte1_mdl13d_lin_chk_histo_traf;cte(→13);models\dept19\lin\update_indic_trafic\commentaires_tmja_f\cte\lin_verif_historique_trafic.sql
model;lin_cte_update_cpt_hors_dept_dans_na_19__list_cpt;cte2_mdl13c_lin_cte_update_cpt_hors_dept_dans_na_19__list_cpt;cte2_mdl13c_lin_update_cpt_hors_dept_dans_na_19__list_cpt;cte2_mdl13c_lin_upd_cpt_hors_dept_dans_na_19__list_cpt;cte(→13);models\dept19\lin\update_indic_trafic\commentaires_tmja_f\cte\lin_cte_update_cpt_hors_dept_dans_na_19__list_cpt.sql
model;lin_verif_stat_nbpt_gestionnaires_19;mdl14a_lin_verif_stat_nbpt_gestionnaires_19;mdl14a_lin_verif_stat_nbpt_gestionnaires_19;mdl14a_lin_chk_stat_nbpt_gest_19;14;models\dept19\lin\update_indic_trafic\calculs_trafic\verifs\lin_verif_stat_nbpt_gestionnaires_19.sql
model;lin_verif_stat_nbpt_gestionnaires_annees_19;mdl14b_lin_verif_stat_nbpt_gestionnaires_annees_19;mdl14b_lin_verif_stat_nbpt_gestionnaires_annees_19;mdl14b_lin_chk_stat_nbpt_gest_annees_19;14;models\dept19\lin\update_indic_trafic\calculs_trafic\verifs\lin_verif_stat_nbpt_gestionnaires_annees_19.sql
model;lin_verif_stat_nbpt_lgkm_annee_19;mdl14c_lin_verif_stat_nbpt_lgkm_annee_19;mdl14c_lin_verif_stat_nbpt_lgkm_annee_19;mdl14c_lin_chk_stat_nbpt_lgkm_annee_19;14;models\dept19\lin\update_indic_trafic\calculs_trafic\verifs\lin_verif_stat_nbpt_lgkm_annee_19.sql
model;mdl_lin_verif_indic_agrege_after_update_19;mdl14d_mdl_lin_verif_indic_agrege_after_update_19;mdl14d_lin_verif_indic_agrege_after_update_19;mdl14d_lin_chk_indic_agrege_after_upd_19;14*;models\dept19\lin\update_indic_trafic\calculs_trafic\verifs\mdl_lin_verif_indic_agrege_after_update_19.sql
model;lin_update_coment_tmj_f_lui_mm_19;mdl14e_lin_update_coment_tmj_f_lui_mm_19;mdl14e_lin_update_coment_tmj_f_lui_mm_19;mdl14e_lin_upd_cmt_tmj_f_lui_mm_19;14;models\dept19\lin\update_indic_trafic\commentaires_tmja_f\lin_update_coment_tmj_f_lui_mm_19.sql
model;lin_verif_ann_rrn_indispo_19;mdl14f_lin_verif_ann_rrn_indispo_19;mdl14f_lin_verif_ann_rrn_indispo_19;mdl14f_lin_chk_ann_rrn_indispo_19;14;models\dept19\lin\update_indic_trafic\commentaires_tmja_f\verifs\lin_verif_ann_rrn_indispo_19.sql
model;lin_verif_coherence_cptg_stdardisation_vs_lin_19;mdl14g_lin_verif_coherence_cptg_stdardisation_vs_lin_19;mdl14g_lin_verif_coherence_cptg_stdardisation_vs_lin_19;mdl14g_lin_chk_coher_cptg_std_vs_lin_19;14;models\dept19\lin\update_indic_trafic\commentaires_tmja_f\verifs\lin_verif_coherence_cptg_stdardisation_vs_lin_19.sql
model;lin_verif_coment_tmj_f_reseau_ratio_19;mdl14h_lin_verif_coment_tmj_f_reseau_ratio_19;mdl14h_lin_verif_coment_tmj_f_reseau_ratio_19;mdl14h_lin_chk_cmt_tmj_f_reseau_ratio_19;14;models\dept19\lin\update_indic_trafic\commentaires_tmja_f\verifs\lin_verif_coment_tmj_f_reseau_ratio_19.sql
model;lin_verif_coment_tmj_f_val_19;mdl14i_lin_verif_coment_tmj_f_val_19;mdl14i_lin_verif_coment_tmj_f_val_19;mdl14i_lin_chk_cmt_tmj_f_val_19;14;models\dept19\lin\update_indic_trafic\commentaires_tmja_f\verifs\lin_verif_coment_tmj_f_val_19.sql
model;lin_verif_stat_importc_nature_estimee_19;mdl14j_lin_verif_stat_importc_nature_estimee_19;mdl14j_lin_verif_stat_importc_nature_estimee_19;mdl14j_lin_chk_stat_importc_nature_estimee_19;14;models\dept19\lin\update_indic_trafic\commentaires_tmja_f\verifs\lin_verif_stat_importc_nature_estimee_19.sql
model;lin_cte_verif_coherence_cpt_std_lin_19__cpt_lin;cte1_mdl14g_lin_cte_verif_coherence_cpt_std_lin_19__cpt_lin;cte1_mdl14g_lin_verif_coherence_cpt_std_lin_19__cpt_lin;cte1_mdl14g_lin_chk_coher_cpt_std_lin_19__cpt_lin;cte(→14);models\dept19\lin\update_indic_trafic\commentaires_tmja_f\cte\lin_cte_verif_coherence_cpt_std_lin_19__cpt_lin.sql
model;lin_update_coment_tmj_f_ids_19;mdl15a_lin_update_coment_tmj_f_ids_19;mdl15a_lin_update_coment_tmj_f_ids_19;mdl15a_lin_upd_cmt_tmj_f_ids_19;15;models\dept19\lin\update_indic_trafic\commentaires_tmja_f\lin_update_coment_tmj_f_ids_19.sql
model;lin_verif_coment_tmj_f_attr_modif_19;mdl15b_lin_verif_coment_tmj_f_attr_modif_19;mdl15b_lin_verif_coment_tmj_f_attr_modif_19;mdl15b_lin_chk_cmt_tmj_f_attr_modif_19;15;models\dept19\lin\update_indic_trafic\commentaires_tmja_f\verifs\lin_verif_coment_tmj_f_attr_modif_19.sql
model;lin_verif_coment_tmj_f_recup_19;mdl15c_lin_verif_coment_tmj_f_recup_19;mdl15c_lin_verif_coment_tmj_f_recup_19;mdl15c_lin_chk_cmt_tmj_f_recup_19;15;models\dept19\lin\update_indic_trafic\commentaires_tmja_f\verifs\lin_verif_coment_tmj_f_recup_19.sql
model;lin_verif_numero_rrn_19;mdl15d_lin_verif_numero_rrn_19;mdl15d_lin_verif_numero_rrn_19;mdl15d_lin_chk_numero_rrn_19;15;models\dept19\lin\update_indic_trafic\commentaires_tmja_f\verifs\lin_verif_numero_rrn_19.sql
model;lin_verif_vals_abertes_tmja_19;mdl15e_lin_verif_vals_abertes_tmja_19;mdl15e_lin_verif_vals_abertes_tmja_19;mdl15e_lin_chk_vals_aberr_tmja_19;15;models\dept19\lin\update_indic_trafic\commentaires_tmja_f\verifs\lin_verif_vals_abertes_tmja_19.sql
model;lin_cte_verif_vals_abertes_tmja_19__ann_n_n_1;cte1_mdl15e_lin_cte_verif_vals_abertes_tmja_19__ann_n_n_1;cte1_mdl15e_lin_verif_vals_abertes_tmja_19__ann_n_n_1;cte1_mdl15e_lin_chk_vals_aberr_tmja_19__ann_n_n_1;cte(→15);models\dept19\lin\update_indic_trafic\commentaires_tmja_f\cte\lin_cte_verif_vals_abertes_tmja_19__ann_n_n_1.sql
model;lin_cte_verif_vals_abertes_tmja_19__evol_ann_n_n_1;cte2_mdl15e_lin_cte_verif_vals_abertes_tmja_19__evol_ann_n_n_1;cte2_mdl15e_lin_verif_vals_abertes_tmja_19__evol_ann_n_n_1;cte2_mdl15e_lin_chk_vals_aberr_tmja_19__evo_ann_n_n_1;cte(→15);models\dept19\lin\update_indic_trafic\commentaires_tmja_f\cte\lin_cte_verif_vals_abertes_tmja_19__evol_ann_n_n_1.sql
model;mdl_lin_update_coment_tmj_f_sens_19;mdl16a_mdl_lin_update_coment_tmj_f_sens_19;mdl16a_lin_update_coment_tmj_f_sens_19;mdl16a_lin_upd_cmt_tmj_f_sens_19;16;models\dept19\lin\update_indic_trafic\commentaires_tmja_f\mdl_lin_update_coment_tmj_f_sens_19.sql
model;lin_verif_periode_19;mdl16b_lin_verif_periode_19;mdl16b_lin_verif_periode_19;mdl16b_lin_chk_periode_19;16;models\dept19\lin\update_indic_trafic\commentaires_tmja_f\verifs\lin_verif_periode_19.sql
model;mdl_lin_verif_ann_cptgassoc_cptgref_19;mdl16c_mdl_lin_verif_ann_cptgassoc_cptgref_19;mdl16c_lin_verif_ann_cptgassoc_cptgref_19;mdl16c_lin_chk_ann_cptgassoc_cptgref_19;16;models\dept19\lin\update_indic_trafic\commentaires_tmja_f\verifs\mdl_lin_verif_ann_cptgassoc_cptgref_19.sql
model;mdl_lin_verif_comptag_sens_uniq_19;mdl16d_mdl_lin_verif_comptag_sens_uniq_19;mdl16d_lin_verif_comptag_sens_uniq_19;mdl16d_lin_chk_cptg_sens_uniq_19;16;models\dept19\lin\update_indic_trafic\commentaires_tmja_f\verifs\mdl_lin_verif_comptag_sens_uniq_19.sql
model;mdl_lin_verif_evol_cpt_dev_assoc_19;mdl16e_mdl_lin_verif_evol_cpt_dev_assoc_19;mdl16e_lin_verif_evol_cpt_dev_assoc_19;mdl16e_lin_chk_evo_cpt_dev_assoc_19;16;models\dept19\lin\update_indic_trafic\commentaires_tmja_f\verifs\mdl_lin_verif_evol_cpt_dev_assoc_19.sql
model;mdl_lin_verif_sens_agglo_19;mdl16f_mdl_lin_verif_sens_agglo_19;mdl16f_lin_verif_sens_agglo_19;mdl16f_lin_chk_sens_agglo_19;16;models\dept19\lin\update_indic_trafic\commentaires_tmja_f\verifs\mdl_lin_verif_sens_agglo_19.sql
model;mdl_lin_verif_sens_bretelles_rrn_19;mdl16g_mdl_lin_verif_sens_bretelles_rrn_19;mdl16g_lin_verif_sens_bretelles_rrn_19;mdl16g_lin_chk_sens_bret_rrn_19;16;models\dept19\lin\update_indic_trafic\commentaires_tmja_f\verifs\mdl_lin_verif_sens_bretelles_rrn_19.sql
model;lin_cte_verif_evol_assoc_19__pt_ann_n_asso;cte1_mdl16e_lin_cte_verif_evol_assoc_19__pt_ann_n_asso;cte1_mdl16e_lin_verif_evol_assoc_19__pt_ann_n_asso;cte1_mdl16e_lin_chk_evo_assoc_19__pt_ann_n_asso;cte(→16);models\dept19\lin\update_indic_trafic\commentaires_tmja_f\cte\lin_cte_verif_evol_assoc_19__pt_ann_n_asso.sql
model;lin_cte_verif_evol_cpt_dev_assoc_19__id_cptg_n;cte2_mdl16e_lin_cte_verif_evol_cpt_dev_assoc_19__id_cptg_n;cte2_mdl16e_lin_verif_evol_cpt_dev_assoc_19__id_cptg_n;cte2_mdl16e_lin_chk_evo_cpt_dev_assoc_19__id_cptg_n;cte(→16);models\dept19\lin\update_indic_trafic\commentaires_tmja_f\cte\lin_cte_verif_evol_cpt_dev_assoc_19__id_cptg_n.sql
model;lin_cte_verif_evol_cpt_dev_assoc_19__id_cptg_n_1;cte3_mdl16e_lin_cte_verif_evol_cpt_dev_assoc_19__id_cptg_n_1;cte3_mdl16e_lin_verif_evol_cpt_dev_assoc_19__id_cptg_n_1;cte3_mdl16e_lin_chk_evo_cpt_dev_assoc_19__id_cptg_n_1;cte(→16);models\dept19\lin\update_indic_trafic\commentaires_tmja_f\cte\lin_cte_verif_evol_cpt_dev_assoc_19__id_cptg_n_1.sql
model;lin_cte_verif_evol_cpt_dev_assoc_19__pt_ann_n;cte4_mdl16e_lin_cte_verif_evol_cpt_dev_assoc_19__pt_ann_n;cte4_mdl16e_lin_verif_evol_cpt_dev_assoc_19__pt_ann_n;cte4_mdl16e_lin_chk_evo_cpt_dev_assoc_19__pt_ann_n;cte(→16);models\dept19\lin\update_indic_trafic\commentaires_tmja_f\cte\lin_cte_verif_evol_cpt_dev_assoc_19__pt_ann_n.sql
model;mdl_lin_update_coment_tmj_f_sens_dbl_spl_19;mdl17a_mdl_lin_update_coment_tmj_f_sens_dbl_spl_19;mdl17a_lin_update_coment_tmj_f_sens_dbl_spl_19;mdl17a_lin_upd_cmt_tmj_f_sens_dbl_spl_19;17;models\dept19\lin\update_indic_trafic\commentaires_tmja_f\mdl_lin_update_coment_tmj_f_sens_dbl_spl_19.sql
model;lin_verif_coment_tmj_f_before_updt_tmja_19;mdl17b_lin_verif_coment_tmj_f_before_updt_tmja_19;mdl17b_lin_verif_coment_tmj_f_before_updt_tmja_19;mdl17b_lin_chk_cmt_tmj_f_before_updt_tmja_19;17;models\dept19\lin\update_indic_trafic\commentaires_tmja_f\verifs\lin_verif_coment_tmj_f_before_updt_tmja_19.sql
model;mdl_lin_verif_cptg_sens_uniq_occurc2_19;mdl17c_mdl_lin_verif_cptg_sens_uniq_occurc2_19;mdl17c_lin_verif_cptg_sens_uniq_occurc2_19;mdl17c_lin_chk_cptg_sens_uniq_occurc2_19;17;models\dept19\lin\update_indic_trafic\commentaires_tmja_f\verifs\mdl_lin_verif_cptg_sens_uniq_occurc2_19.sql
model;mdl_lin_verif_recup_agglo_19;mdl17d_mdl_lin_verif_recup_agglo_19;mdl17d_lin_verif_recup_agglo_19;mdl17d_lin_chk_recup_agglo_19;17;models\dept19\lin\update_indic_trafic\commentaires_tmja_f\verifs\mdl_lin_verif_recup_agglo_19.sql
model;mdl_lin_verif_sens_coment_tmj_f_horsagglo_19;mdl17e_mdl_lin_verif_sens_coment_tmj_f_horsagglo_19;mdl17e_lin_verif_sens_coment_tmj_f_horsagglo_19;mdl17e_lin_chk_sens_cmt_tmj_f_h_agglo_19;17;models\dept19\lin\update_indic_trafic\commentaires_tmja_f\verifs\mdl_lin_verif_sens_coment_tmj_f_horsagglo_19.sql
model;mdl_lin_verif_sens_troncon_prch_cptg_19;mdl17f_mdl_lin_verif_sens_troncon_prch_cptg_19;mdl17f_lin_verif_sens_troncon_prch_cptg_19;mdl17f_lin_chk_sens_troncon_prch_cptg_19;17;models\dept19\lin\update_indic_trafic\commentaires_tmja_f\verifs\mdl_lin_verif_sens_troncon_prch_cptg_19.sql
model;mdl_lin_update_tmja_final_19;mdl18a_mdl_lin_update_tmja_final_19;mdl18a_lin_update_tmja_final_19;mdl18a_lin_upd_tmja_final_19;18;models\dept19\lin\update_indic_trafic\calculs_trafic\mdl_lin_update_tmja_final_19.sql
model;mdl_lin_verif_id_comptag_millessime_en_cours_19;mdl18b_mdl_lin_verif_id_comptag_millessime_en_cours_19;mdl18b_lin_verif_id_comptag_millessime_en_cours_19;mdl18b_lin_chk_id_cptg_mill_en_cours_19;18;models\dept19\lin\update_indic_trafic\calculs_trafic\verifs\mdl_lin_verif_id_comptag_millessime_en_cours_19.sql
model;mdl_lin_verif_recup_linear_19;mdl18c_mdl_lin_verif_recup_linear_19;mdl18c_lin_verif_recup_linear_19;mdl18c_lin_chk_recup_linear_19;18;models\dept19\lin\update_indic_trafic\calculs_trafic\verifs\mdl_lin_verif_recup_linear_19.sql
model;mdl_lin_update_veh_km_19;mdl19_mdl_lin_update_veh_km_19;mdl19_lin_update_veh_km_19;mdl19_lin_upd_veh_km_19;19;models\dept19\lin\update_indic_trafic\calculs_trafic\mdl_lin_update_veh_km_19.sql
model;mdl_lin_update_pl_final_pl_km_19;mdl20_mdl_lin_update_pl_final_pl_km_19;mdl20_lin_update_pl_final_pl_km_19;mdl20_lin_upd_pl_final_pl_km_19;20;models\dept19\lin\update_indic_trafic\calculs_trafic\mdl_lin_update_pl_final_pl_km_19.sql
model;mdl_lin_update_coment_cpt_19;mdl21a_mdl_lin_update_coment_cpt_19;mdl21a_lin_update_coment_cpt_19;mdl21a_lin_upd_cmt_cpt_19;21;models\dept19\lin\update_indic_trafic\calculs_trafic\mdl_lin_update_coment_cpt_19.sql
model;mdl_lin_verif_pc_pl_after_update_final_19;mdl21b_mdl_lin_verif_pc_pl_after_update_final_19;mdl21b_lin_verif_pc_pl_after_update_final_19;mdl21b_lin_chk_pc_pl_after_upd_final_19;21;models\dept19\lin\update_indic_trafic\calculs_trafic\verifs\mdl_lin_verif_pc_pl_after_update_final_19.sql
model;mdl_lin_verif_pc_pl_after_update_group_gest_19;mdl21c_mdl_lin_verif_pc_pl_after_update_group_gest_19;mdl21c_lin_verif_pc_pl_after_update_group_gest_19;mdl21c_lin_chk_pc_pl_after_upd_group_gest_19;21;models\dept19\lin\update_indic_trafic\calculs_trafic\verifs\mdl_lin_verif_pc_pl_after_update_group_gest_19.sql
model;mdl_lin_update_coment_tmj_f_estim_19;mdl22_mdl_lin_update_coment_tmj_f_estim_19;mdl22_lin_update_coment_tmj_f_estim_19;mdl22_lin_upd_cmt_tmj_f_estim_19;22;models\dept19\lin\update_indic_trafic\calculs_trafic\mdl_lin_update_coment_tmj_f_estim_19.sql
model;creer_vue_linearisation_19;mdl23a_creer_vue_linearisation_19;mdl23a_creer_vue_linearisation_19;mdl23a_creer_vue_linear_19;23;models\dept19\creer_vue_linearisation_19.sql
model;mdl_lin_statistiques_linearisation_19;mdl23b_mdl_lin_statistiques_linearisation_19;mdl23b_lin_statistiques_linearisation_19;mdl23b_lin_stats_linear_19;23;models\dept19\lin\update_indic_trafic\calculs_trafic\verifs\mdl_lin_statistiques_linearisation_19.sql
seed;dept19_verif_indic_trafic_qualite;sed0_dept19_verif_indic_trafic_qualite;sed0_dept19_verif_indic_trafic_qualite;sed0_dept19_chk_indic_traf_qualite;;seeds\dept19\lin\verifications\dept19_verif_indic_trafic_qualite.csv
seed;dept19_update_etire_linearisation;sed10_dept19_update_etire_linearisation;sed10_dept19_update_etire_linearisation;sed10_dept19_upd_etire_linear;;seeds\dept19\lin\affectation_pt_mano\dept19_update_etire_linearisation.csv
seed;dept19_update_vers_estimation_linearisation;sed11_dept19_update_vers_estimation_linearisation;sed11_dept19_update_vers_estimation_linearisation;sed11_dept19_upd_vers_estim_linear;;seeds\dept19\lin\affectation_pt_mano\dept19_update_vers_estimation_linearisation.csv
seed;dept19_update_cpt_existant_mano;sed13c_dept19_update_cpt_existant_mano;sed13c_dept19_update_cpt_existant_mano;sed13c_dept19_upd_cpt_existant_mano;;seeds\dept19\lin\commentaires_tmja_f\dept19_update_cpt_existant_mano.csv
seed;dept19_update_coment_tmj_f_with_coment_tmj_f;sed14e_dept19_update_coment_tmj_f_with_coment_tmj_f;sed14e_dept19_update_coment_tmj_f_with_coment_tmj_f;sed14e_dept19_upd_cmt_tmj_f_with_cmt_tmj_f;;seeds\dept19\lin\commentaires_tmja_f\dept19_update_coment_tmj_f_with_coment_tmj_f.csv
seed;dept19_update_coment_tmj_f_with_ids;sed15a_dept19_update_coment_tmj_f_with_ids;sed15a_dept19_update_coment_tmj_f_with_ids;sed15a_dept19_upd_cmt_tmj_f_with_ids;;seeds\dept19\lin\commentaires_tmja_f\dept19_update_coment_tmj_f_with_ids.csv
seed;dept19_update_coment_tmj_f_sens;sed17a_dept19_update_coment_tmj_f_sens;sed17a_dept19_update_coment_tmj_f_sens;sed17a_dept19_upd_cmt_tmj_f_sens;;seeds\dept19\lin\commentaires_tmja_f\dept19_update_coment_tmj_f_sens.csv
seed;dept19_update_nouveau_pt;sed7_dept19_update_nouveau_pt;sed7_dept19_update_nouveau_pt;sed7_dept19_upd_nouv_pt;;seeds\dept19\lin\affectation_pt_mano\dept19_update_nouveau_pt.csv
seed;dept19_update_modif_linearisation;sed8_dept19_update_modif_linearisation;sed8_dept19_update_modif_linearisation;sed8_dept19_upd_modif_linear;;seeds\dept19\lin\affectation_pt_mano\dept19_update_modif_linearisation.csv
seed;dept19_update_oubli_erreur_linearisation;sed9_dept19_update_oubli_erreur_linearisation;sed9_dept19_update_oubli_erreur_linearisation;sed9_dept19_upd_oubli_erreur_linear;;seeds\dept19\lin\affectation_pt_mano\dept19_update_oubli_erreur_linearisation.csv
