ancien_nom_fichier;ancien_nom_interne;nouveau_nom;niveau_appelant;modeles_appelants;macros_appelantes;chemin_fichier
comparer_gestionnaire_bdtopo_lin;comparer_gestionnaire_bdtopo_lin;mcr_2e_cmp_gest_bdt_lin;2e;mdl2e_lin_chk_gest_bdt_compare_19;;macros\comparer_gestionnaire_bdtopo_lin.sql
creer_vue_dept_annee;creer_vue_dept_annee;mcr_1_creer_vue_dept_annee;1;mdl1_creer_vue_19;;macros\creer_vue_dept_annee.sql
cte_update_auto_pt_non_linearise_lin__choix_cpt_tronc;cte_update_auto_pt_non_linearise_lin__choix_cpt_tronc;mcr_6_maj_auto_pt_non_linear_lin__choix_cpt_tronc;6;cte1_mdl6_lin_upd_auto_pt_non_linear_19__choix_cpt_tronc;;macros\cte_update_auto_pt_non_linearise_lin__choix_cpt_tronc.sql
cte_update_auto_pt_non_linearise_lin__project_cpt;cte_update_auto_pt_non_linearise_lin__project_cpt;mcr_6_maj_auto_pt_non_linear_lin__project_cpt;6;cte2_mdl6_lin_upd_auto_pt_non_linear_19__project_cpt;cte_update_auto_pt_non_linearise_lin__rang;macros\cte_update_auto_pt_non_linearise_lin__project_cpt.sql
cte_update_auto_pt_non_linearise_lin__rang;cte_update_auto_pt_non_linearise_lin__rang;mcr_6_maj_auto_pt_non_linear_lin__rang;6;cte3_mdl6_lin_upd_auto_pt_non_linear_19__rang;cte_update_auto_pt_non_linearise_lin__choix_cpt_tronc;macros\cte_update_auto_pt_non_linearise_lin__rang.sql
cte_verif_coherence_cpt_std_lin__cpt_lin;cte_verif_coherence_cpt_std_lin__cpt_lin;mcr_14g_vrf_coher_cpt_std_lin__cpt_lin;14g;cte1_mdl14g_lin_chk_coher_cpt_std_lin_19__cpt_lin;verifier_coherence_comptag_standardisation_vs_linearisation_lin;macros\cte_verif_coherence_cpt_std_lin__cpt_lin.sql
cte_verif_cpt_hors_dept_dans_na_lin__auto;cte_verif_cpt_hors_dept_dans_na_lin__auto;mcr_13c_vrf_cpt_hors_dept_dans_na_lin__auto;13c;cte1_mdl13c_lin_upd_cpt_hors_dept_dans_na_19__auto;update_cpt_hors_dept_dans_na_lin;macros\cte_verif_cpt_hors_dept_dans_na_lin__auto.sql
cte_verif_cpt_hors_dept_dans_na_lin__list_cpt;cte_verif_cpt_hors_dept_dans_na_lin__list_cpt;mcr_13c_vrf_cpt_hors_dept_dans_na_lin__list_cpt;13c;cte2_mdl13c_lin_upd_cpt_hors_dept_dans_na_19__list_cpt;cte_verif_cpt_hors_dept_dans_na_lin__auto;macros\cte_verif_cpt_hors_dept_dans_na_lin__list_cpt.sql
cte_verif_cpt_mm_section_homo_lin__cpt_proche;cte_verif_cpt_mm_section_homo_lin__cpt_proche;mcr_13a_vrf_cpt_mm_sect_homo_lin__cpt_proche;13a;cte1_mdl13a_lin_chk_cpt_mm_sect_homo_19__cpt_proche;cte_verif_cpt_mm_section_homo_lin__lineaire_tot;macros\cte_verif_cpt_mm_section_homo_lin__cpt_proche.sql
cte_verif_cpt_mm_section_homo_lin__lineaire_tot;cte_verif_cpt_mm_section_homo_lin__lineaire_tot;mcr_12b_vrf_cpt_mm_sect_homo_lin__linear_tot;12b;cte1_mdl12b_lin_chk_cpt_mm_sect_homo_19__linear_tot;;macros\cte_verif_cpt_mm_section_homo_lin__lineaire_tot.sql
cte_verif_evol_cpt_dev_assoc__id_cptg_n;cte_verif_evol_cpt_dev_assoc__id_cptg_n;mcr_16e_vrf_evo_cpt_dev_assoc__id_cptg_n;16e;cte2_mdl16e_lin_chk_evo_cpt_dev_assoc_19__id_cptg_n;cte_verif_evol_cpt_dev_assoc__pt_ann_n;macros\cte_verif_evol_cpt_dev_assoc__id_cptg_n.sql
cte_verif_evol_cpt_dev_assoc__id_cptg_n_1;cte_verif_evol_cpt_dev_assoc__id_cptg_n_1;mcr_16e_vrf_evo_cpt_dev_assoc__id_cptg_n_1;16e;cte3_mdl16e_lin_chk_evo_cpt_dev_assoc_19__id_cptg_n_1;cte_verif_evol_cpt_dev_assoc__pt_ann_n;macros\cte_verif_evol_cpt_dev_assoc__id_cptg_n_1.sql
cte_verif_evol_cpt_dev_assoc__pt_ann_n;cte_verif_evol_cpt_dev_assoc__pt_ann_n;mcr_16e_vrf_evo_cpt_dev_assoc__pt_ann_n;16e;cte4_mdl16e_lin_chk_evo_cpt_dev_assoc_19__pt_ann_n;;macros\cte_verif_evol_cpt_dev_assoc__pt_ann_n.sql
cte_verif_evol_cpt_dev_assoc__pt_ann_n_asso;cte_verif_evol_cpt_dev_assoc__pt_ann_n_asso;mcr_16e_vrf_evo_cpt_dev_assoc__pt_ann_n_asso;16e;cte1_mdl16e_lin_chk_evo_assoc_19__pt_ann_n_asso;mcr_verifier_evol_cpt_dev_assoc_lin;macros\cte_verif_evol_cpt_dev_assoc__pt_ann_n_asso.sql
cte_verif_historique_trafic_lin;cte_verif_historique_trafic_lin;mcr_13d_vrf_histo_traf_lin;13d;cte1_mdl13d_lin_chk_histo_traf;verifier_suspect_indic_lin;macros\cte_verif_historique_trafic_lin.sql
cte_verif_valeurs_aberrantes_tmja__ann_n_n_1;cte_verif_valeurs_aberrantes_tmja__ann_n_n_1;mcr_15e_vrf_val_aberr_tmja__ann_n_n_1;15e;cte1_mdl15e_lin_chk_vals_aberr_tmja_19__ann_n_n_1;cte_verif_valeurs_aberrantes_tmja__evol_ann_n_n_1;macros\cte_verif_valeurs_aberrantes_tmja__ann_n_n_1.sql
cte_verif_valeurs_aberrantes_tmja__evol_ann_n_n_1;cte_verif_valeurs_aberrantes_tmja__evol_ann_n_n_1;mcr_15e_vrf_val_aberr_tmja__evo_ann_n_n_1;15e;cte2_mdl15e_lin_chk_vals_aberr_tmja_19__evo_ann_n_n_1;verifier_valeurs_aberrantes_tmja;macros\cte_verif_valeurs_aberrantes_tmja__evol_ann_n_n_1.sql
mcr_ajouter_troncon_nouveau_millesime;mcr_ajouter_troncon_nouveau_millesime;mcr_xx_aj_tronc_nouv_mill;xx;mdl_ad_troncons_new_millesime;;macros\mcr_ajouter_troncon_nouveau_millesime.sql
mcr_statistiques_linearisation;mcr_statistiques_linearisation;mcr_23b_stats_linear;23b;mdl23b_lin_stats_linear_19;;macros\mcr_statistiques_linearisation.sql
mcr_update_coment_cpt_lin;mcr_update_coment_cpt_lin;mcr_21a_maj_cmt_cpt_lin;21a;mdl21a_lin_upd_cmt_cpt_19;;macros\mcr_update_coment_cpt_lin.sql
mcr_update_coment_tmj_f_estimation_lin;mcr_update_coment_tmj_f_estimation_lin;mcr_22_maj_cmt_tmj_f_estim_lin;22;mdl22_lin_upd_cmt_tmj_f_estim_19;;macros\mcr_update_coment_tmj_f_estimation_lin.sql
mcr_update_coment_tmj_f_sens_lin;mcr_update_coment_tmj_f_sens_lin;mcr_17a_maj_cmt_tmj_f_sens_lin;17a;mdl17a_lin_upd_cmt_tmj_f_sens_dbl_spl_19;;macros\mcr_update_coment_tmj_f_sens_lin.sql
mcr_update_pl_final_pl_km_lin;mcr_update_pl_final_pl_km_lin;mcr_20_maj_pl_final_pl_km_lin;20;mdl20_lin_upd_pl_final_pl_km_19;;macros\mcr_update_pl_final_pl_km_lin.sql
mcr_update_tmja_final_lin;mcr_update_tmja_final_lin;mcr_18a_maj_tmja_final_lin;18a;mdl18a_lin_upd_tmja_final_19;;macros\mcr_update_tmja_final_lin.sql
mcr_update_veh_km_lin;mcr_update_veh_km_lin;mcr_19_maj_veh_km_lin;19;mdl19_lin_upd_veh_km_19;;macros\mcr_update_veh_km_lin.sql
mcr_verif_ann_cptgassoc_cptgref_lin;mcr_verifier_ann_cptgassoc_cptgref_lin;mcr_16c_vrf_ann_cptgassoc_cptgref_lin;16c;mdl16c_lin_chk_ann_cptgassoc_cptgref_19;;macros\mcr_verif_ann_cptgassoc_cptgref_lin.sql
mcr_verifer_id_comptag_mill_en_cours_lin;mcr_verifer_id_comptag_mill_en_cours_lin;mcr_18b_vrf_id_cptg_mill_en_cours_lin;18b;mdl18b_lin_chk_id_cptg_mill_en_cours_19;;macros\mcr_verifer_id_comptag_mill_en_cours_lin.sql
mcr_verifier_cptg_sens_unique_lin;mcr_verifier_cptg_sens_unique_lin;mcr_xx_vrf_cptg_sens_unique_lin;xx;mdl16d_lin_chk_cptg_sens_uniq_19, mdl17c_lin_chk_cptg_sens_uniq_occurc2_19;;macros\mcr_verifier_cptg_sens_unique_lin.sql
mcr_verifier_evol_cpt_dev_assoc_lin;mcr_verifier_evo_cptg_devient_asso_lin;mcr_16e_vrf_evo_cpt_dev_assoc_lin;16e;mdl16e_lin_chk_evo_cpt_dev_assoc_19;;macros\mcr_verifier_evol_cpt_dev_assoc_lin.sql
mcr_verifier_indic_agrege_after_update_lin;mcr_verifier_indic_agrege_after_update_lin;mcr_14d_vrf_indic_agrege_after_maj_lin;14d;mdl14d_lin_chk_indic_agrege_after_upd_19;;macros\mcr_verifier_indic_agrege_after_update_lin.sql
mcr_verifier_pc_pl_after_update_final_lin;mcr_verifier_pc_pl_after_update_final_lin;mcr_21b_vrf_pc_pl_after_maj_final_lin;21b;mdl21b_lin_chk_pc_pl_after_upd_final_19;;macros\mcr_verifier_pc_pl_after_update_final_lin.sql
mcr_verifier_pc_pl_after_update_group_gest_lin;mcr_verifier_pc_pl_after_update_group_gest_lin;mcr_21c_vrf_pc_pl_after_maj_group_gest_lin;21c;mdl21c_lin_chk_pc_pl_after_upd_group_gest_19;;macros\mcr_verifier_pc_pl_after_update_group_gest_lin.sql
mcr_verifier_recup_agglo_lin;mcr_verifier_recup_agglo_lin;mcr_17d_vrf_recup_agglo_lin;17d;mdl17d_lin_chk_recup_agglo_19;;macros\mcr_verifier_recup_agglo_lin.sql
mcr_verifier_recup_linearisation_lin;mcr_verifier_recup_linearisation_lin;mcr_18c_vrf_recup_linear_lin;18c;mdl18c_lin_chk_recup_linear_19;;macros\mcr_verifier_recup_linearisation_lin.sql
mcr_verifier_sens_agglo_lin;mcr_verifier_sens_agglo_lin;mcr_16f_vrf_sens_agglo_lin;16f;mdl16f_lin_chk_sens_agglo_19;;macros\mcr_verifier_sens_agglo_lin.sql
mcr_verifier_sens_bretelles_rrn_lin;mcr_verifier_sens_bretelles_rrn_lin;mcr_16g_vrf_sens_bret_rrn_lin;16g;mdl16g_lin_chk_sens_bret_rrn_19;;macros\mcr_verifier_sens_bretelles_rrn_lin.sql
mcr_verifier_sens_coment_tmj_f_hors_agglo_lin;mcr_verifier_sens_coment_tmj_f_hors_agglo_lin;mcr_17e_vrf_sens_cmt_tmj_f_h_agglo_lin;17e;mdl17e_lin_chk_sens_cmt_tmj_f_h_agglo_19;;macros\mcr_verifier_sens_coment_tmj_f_hors_agglo_lin.sql
mcr_verifier_sens_tronc_proche_cpt_lin;mcr_verifier_sens_tronc_proche_cpt_lin;mcr_17f_vrf_sens_tronc_proche_cpt_lin;17f;mdl17f_lin_chk_sens_troncon_prch_cptg_19;;macros\mcr_verifier_sens_tronc_proche_cpt_lin.sql
mcr_vue_lin_finale;mcr_vue_lin_finale;mcr_23a_vue_lin_finale;23a;mdl23a_creer_vue_linear_19;;macros\mcr_vue_lin_finale.sql
update_auto_pt_non_linearise_lin;update_auto_pt_non_linearise_lin;mcr_6_maj_auto_pt_non_linear_lin;6;mdl6_lin_upd_auto_pt_non_linear_19;;macros\update_auto_pt_non_linearise_lin.sql
update_coment_tmj_f_itself_lin;update_coment_tmj_f_itself_lin;mcr_14e_maj_cmt_tmj_f_itself_lin;14e;mdl14e_lin_upd_cmt_tmj_f_lui_mm_19;;macros\update_coment_tmj_f_itself_lin.sql
update_coment_tmj_f_with_ids;update_coment_tmj_f_with_ids;mcr_xx_maj_cmt_tmj_f_with_ids;xx;mdl15a_lin_upd_cmt_tmj_f_ids_19, mdl16a_lin_upd_cmt_tmj_f_sens_19;;macros\update_coment_tmj_f_with_ids.sql
update_cpt_hors_dept_dans_na_lin;update_cpt_hors_dept_dans_na_lin;mcr_13c_maj_cpt_hors_dept_dans_na_lin;13c;mdl13c_lin_upd_cpt_hors_dept_dans_na_19;;macros\update_cpt_hors_dept_dans_na_lin.sql
update_etirer_lin;update_etirer_lin;mcr_10_maj_etirer_lin;10;mdl10_lin_upd_etire_lin_19;;macros\update_etirer_lin.sql
update_indic_trafic_lin;update_indic_trafic_lin;mcr_12i_maj_indic_traf_lin;12i;mdl12i_lin_upd_indic_traf_19;;macros\update_indic_trafic_lin.sql
update_modif_linearisation_lin;update_modif_linearisation_lin;mcr_8_maj_modif_linear_lin;8;mdl8_lin_upd_modif_linear_19;;macros\update_modif_linearisation_lin.sql
update_nouveau_point_lin;update_nouveau_point_lin;mcr_7_maj_nouv_point_lin;7;mdl7_lin_upd_nouv_point_19;;macros\update_nouveau_point_lin.sql
update_oubli_erreur_lin;update_oubli_erreur_lin;mcr_9_maj_oubli_erreur_lin;9;mdl9_lin_upd_oubli_erreur_linear_19;;macros\update_oubli_erreur_lin.sql
update_pt_linearise_devenu_assoc_lin;update_pt_linearise_devenu_assoc_lin;mcr_3b_maj_pt_linear_devenu_assoc_lin;3b;mdl3b_lin_upd_pt_linear_devenu_assoc_19;;macros\update_pt_linearise_devenu_assoc_lin.sql
update_vers_estimation_lin;update_vers_estimation_lin;mcr_11_maj_vers_estim_lin;11;mdl11_lin_upd_vers_estim_19;;macros\update_vers_estimation_lin.sql
verifier_ann_pt_2020_lin;verifier_ann_pt_2020_lin;mcr_12a_vrf_ann_pt_2020_lin;12a;mdl12a_lin_chk_ann_pt_2020_19;;macros\verifier_ann_pt_2020_lin.sql
verifier_annee_rrn_pas_dispo;verifier_annee_rrn_pas_dispo;mcr_14f_vrf_annee_rrn_pas_dispo;14f;mdl14f_lin_chk_ann_rrn_indispo_19;;macros\verifier_annee_rrn_pas_dispo.sql
verifier_attr_modif_bdtopo_lin;verifier_attr_modif_bdtopo_lin;mcr_2a_vrf_attr_modif_bdt_lin;2a;mdl2a_lin_chk_attr_modif_19;;macros\verifier_attr_modif_bdtopo_lin.sql
verifier_coherence_comptag_standardisation_vs_linearisation_lin;verifier_coherence_comptag_standardisation_vs_linearisation_lin;mcr_14g_vrf_coher_cptg_std_vs_linear_lin;14g;mdl14g_lin_chk_coher_cptg_std_vs_lin_19;;macros\verifier_coherence_comptag_standardisation_vs_linearisation_lin.sql
verifier_coment_tmj_f_attr_modif;verifier_coment_tmj_f_attr_modif;mcr_15b_vrf_cmt_tmj_f_attr_modif;15b;mdl15b_lin_chk_cmt_tmj_f_attr_modif_19;;macros\verifier_coment_tmj_f_attr_modif.sql
verifier_coment_tmj_f_recup;verifier_coment_tmj_f_recup;mcr_15c_vrf_cmt_tmj_f_recup;15c;mdl15c_lin_chk_cmt_tmj_f_recup_19;;macros\verifier_coment_tmj_f_recup.sql
verifier_coment_tmj_f_reseau_ratio_lin;verifier_coment_tmj_f_reseau_ratio_lin;mcr_14h_vrf_cmt_tmj_f_reseau_ratio_lin;14h;mdl14h_lin_chk_cmt_tmj_f_reseau_ratio_19;;macros\verifier_coment_tmj_f_reseau_ratio_lin.sql
verifier_coment_tmj_f_values_lin;verifier_coment_tmj_f_values_lin;mcr_xx_vrf_cmt_tmj_f_val_lin;xx;mdl14i_lin_chk_cmt_tmj_f_val_19, mdl17b_lin_chk_cmt_tmj_f_before_updt_tmja_19;;macros\verifier_coment_tmj_f_values_lin.sql
verifier_comptage_limitrophe_lin;verifier_comptage_limitrophe_lin;mcr_3a_vrf_cptg_limitr_lin;3a;mdl3a_lin_chk_cptg_limitr_19;;macros\verifier_comptage_limitrophe_lin.sql
verifier_cpt_mm_section_homo_lin;verifier_cpt_mm_section_homo_lin;mcr_12b_vrf_cpt_mm_sect_homo_lin;12b;mdl12b_lin_chk_cpt_mm_sect_homo_19;;macros\verifier_cpt_mm_section_homo_lin.sql
verifier_cptg_not_lin_why_geom_dept_lin;verifier_cptg_not_lin_why_geom_dept_lin;mcr_12c_vrf_cptg_not_lin_why_geom_dept_lin;12c;mdl12c_lin_chk_cptg_not_lin_why_geom_dept_19;;macros\verifier_cptg_not_lin_why_geom_dept_lin.sql
verifier_dept_limitrophe_lin;verifier_dept_limitrophe_lin;mcr_2b_vrf_dept_limitr_lin;2b;mdl2b_lin_chk_dept_limitr_19;;macros\verifier_dept_limitrophe_lin.sql
verifier_gestionnaire_bdtopo_lin;verifier_gestionnaire_bdtopo_lin;mcr_xx_vrf_gest_bdt_lin;xx;mdl2c_lin_chk_gest_bdt_19, mdl2d_lin_chk_gest_bdt_19_n_1;comparer_gestionnaire_bdtopo_lin;macros\verifier_gestionnaire_bdtopo_lin.sql
verifier_nature_bdtopo_lin;verifier_nature_bdtopo_lin;mcr_2f_vrf_nature_bdt_lin;2f;mdl2f_lin_chk_nature_19;;macros\verifier_nature_bdtopo_lin.sql
verifier_nb_cpt_ann_n_lin;verifier_nb_cpt_ann_n_lin;mcr_12d_vrf_nb_cpt_ann_n_lin;12d;mdl12d_lin_chk_nb_cpt_ann_n_19;;macros\verifier_nb_cpt_ann_n_lin.sql
verifier_nb_tronc_linearise_lin;verifier_nb_tronc_linearise_lin;mcr_12e_vrf_nb_tronc_linear_lin;12e;mdl12e_lin_chk_nb_tronc_linear_19;;macros\verifier_nb_tronc_linearise_lin.sql
verifier_nbpt_lgkm_lin;verifier_nbpt_lgkm_lin;mcr_2g_vrf_nbpt_lgkm_lin;2g;mdl2g_lin_chk_nbpt_lgkm_19;;macros\verifier_nbpt_lgkm_lin.sql
verifier_not_lin_why_lin;verifier_not_lin_why_lin;mcr_12f_vrf_not_lin_why_lin;12f;mdl12f_lin_chk_not_lin_why_19;;macros\verifier_not_lin_why_lin.sql
verifier_numero_rrn_lin;verifier_numero_rrn_lin;mcr_15d_vrf_numero_rrn_lin;15d;mdl15d_lin_chk_numero_rrn_19;;macros\verifier_numero_rrn_lin.sql
verifier_periode_lin;verifier_periode_lin;mcr_16b_vrf_periode_lin;16b;mdl16b_lin_chk_periode_19;;macros\verifier_periode_lin.sql
verifier_pt_attr_dept_non_linearise_lin;verifier_pt_attr_dept_non_linearise_lin;mcr_4a_vrf_pt_attr_dept_non_linear_lin;4a;mdl4a_lin_chk_pt_attr_dept_non_linear_19;;macros\verifier_pt_attr_dept_non_linearise_lin.sql
verifier_pt_emprise_dept_non_linearise_lin;verifier_pt_emprise_dept_non_linearise_lin;mcr_4b_vrf_pt_emprise_dept_non_linear_lin;4b;mdl4b_lin_chk_pt_emprise_dept_non_linear_19;;macros\verifier_pt_emprise_dept_non_linearise_lin.sql
verifier_pt_linearise_absent_comptage_lin;verifier_pt_linearise_absent_comptage_lin;mcr_2h_vrf_pt_linear_absent_cptg_lin;2h;mdl2h_lin_chk_pt_linear_absent_cptge_19;;macros\verifier_pt_linearise_absent_comptage_lin.sql
verifier_pt_sans_geom_lin;verifier_pt_sans_geom_lin;mcr_2i_vrf_pt_sans_geom_lin;2i;mdl2i_lin_chk_pt_sans_geom_19;;macros\verifier_pt_sans_geom_lin.sql
verifier_split_id_comptag_lin;verifier_split_id_comptag_lin;mcr_13e_vrf_split_id_cptg_lin;13e;mdl13e_lin_chk_id_cptg_part1_post_cmt_tmj_f_19;;macros\verifier_split_id_comptag_lin.sql
verifier_stats_importance_nature_estim_lin;verifier_stats_importance_nature_estim_lin;mcr_14j_vrf_stats_importance_nature_estim_lin;14j;mdl14j_lin_chk_stat_importc_nature_estimee_19;;macros\verifier_stats_importance_nature_estim_lin.sql
verifier_stats_linearisation_gests_annees;verifier_stats_linearisation_gests_annees;mcr_14b_vrf_stats_linear_gests_annees;14b;mdl14b_lin_chk_stat_nbpt_gest_annees_19;;macros\verifier_stats_linearisation_gests_annees.sql
verifier_stats_linearisation_nbpt_gest;verifier_stats_linearisation_nbpt_gest;mcr_14a_vrf_stats_linear_nbpt_gest;14a;mdl14a_lin_chk_stat_nbpt_gest_19;verifier_stats_linearisation_gests_annees;macros\verifier_stats_linearisation_nbpt_gest.sql
verifier_stats_linearisation_nbpt_lgkm_annee;verifier_stats_linearisation_nbpt_lgkm_annee;mcr_14c_vrf_stats_linear_nbpt_lgkm_annee;14c;mdl14c_lin_chk_stat_nbpt_lgkm_annee_19;;macros\verifier_stats_linearisation_nbpt_lgkm_annee.sql
verifier_stats_linearisation_pt_comptage_lin;verifier_stats_linearisation_pt_comptage_lin;mcr_12g_vrf_stats_linear_pt_cptg_lin;12g;mdl12g_lin_chk_stat_lin_pt_cptg_19;;macros\verifier_stats_linearisation_pt_comptage_lin.sql
verifier_suspect_indic_lin;verifier_suspect_indic_lin;mcr_13d_vrf_suspect_indic_lin;13d;mdl13d_lin_chk_histo_cptg_suspect_19;;macros\verifier_suspect_indic_lin.sql
verifier_tmjo_exists_tmja_lin;verifier_tmjo_exists_tmja_lin;mcr_13b_vrf_tmjo_exists_tmja_lin;13b;mdl13b_lin_chk_tmjo_exists_tmja_19;;macros\verifier_tmjo_exists_tmja_lin.sql
verifier_tmjo_lin;verifier_tmjo_lin;mcr_12h_vrf_tmjo_lin;12h;mdl12h_lin_chk_tmjo_19;;macros\verifier_tmjo_lin.sql
verifier_valeurs_aberrantes_tmja;verifier_valeurs_aberrantes_tmja;mcr_15e_vrf_val_aberr_tmja;15e;mdl15e_lin_chk_vals_aberr_tmja_19;;macros\verifier_valeurs_aberrantes_tmja.sql
